hosts, servers, bf, depth, hosts, rounds, ChildrenWait_wall_min, ChildrenWait_wall_max, ChildrenWait_wall_avg, ChildrenWait_wall_dev, ChildrenWait_user_min, ChildrenWait_user_max, ChildrenWait_user_avg, ChildrenWait_user_dev, ChildrenWait_system_min, ChildrenWait_system_max, ChildrenWait_system_avg, ChildrenWait_system_dev, round_wall_min, round_wall_max, round_wall_avg, round_wall_dev, round_user_min, round_user_max, round_user_avg, round_user_dev, round_system_min, round_system_max, round_system_avg, round_system_dev
2, 16, 2, 1, 2, 5, 0.603943, 0.603943, 0.603943, NaN, 0.002208, 0.002208, 0.002208, NaN, 0.000602, 0.000602, 0.000602, NaN, 0.586101, 0.604126, 0.597271, 0.006910, 0.137373, 0.155159, 0.146003, 0.007179, 0.000000, 0.000000, 0.000000, 0.000000
4, 16, 2, 2, 4, 5, 1.207522, 1.207522, 1.207522, NaN, 0.006112, 0.006112, 0.006112, NaN, 0.000000, 0.000000, 0.000000, NaN, 0.695741, 0.726986, 0.713768, 0.012638, 0.262818, 0.288767, 0.278126, 0.009448, 0.000000, 0.012154, 0.005859, 0.004492
8, 16, 2, 3, 8, 5, 1.810097, 1.810097, 1.810097, NaN, 0.006370, 0.006370, 0.006370, NaN, 0.000360, 0.000360, 0.000360, NaN, 1.009840, 1.067900, 1.042918, 0.023168, 0.608373, 0.674469, 0.641768, 0.032086, 0.007994, 0.013242, 0.010222, 0.002575
16, 16, 2, 4, 16, 5, 2.416395, 2.416395, 2.416395, NaN, 0.011888, 0.011888, 0.011888, NaN, 0.000445, 0.000445, 0.000445, NaN, 1.928121, 1.984847, 1.953573, 0.023042, 1.643913, 1.913572, 1.803875, 0.123141, 0.014417, 0.060227, 0.028312, 0.018545
32, 16, 2, 5, 32, 5, 3.017174, 3.017174, 3.017174, NaN, 0.012065, 0.012065, 0.012065, NaN, 0.000620, 0.000620, 0.000620, NaN, 3.620249, 4.507327, 3.919662, 0.351137, 8.245476, 9.447382, 8.611753, 0.482671, 0.045896, 0.105184, 0.071365, 0.026946
64, 16, 2, 6, 64, 5, 3.622542, 3.622542, 3.622542, NaN, 0.015402, 0.015402, 0.015402, NaN, 0.010590, 0.010590, 0.010590, NaN, 11.336407, 14.858818, 12.079869, 1.554292, 49.138268, 51.933521, 50.421190, 1.010554, 0.083924, 0.187776, 0.128850, 0.040947
