hosts, servers, bf, depth, hosts, rounds, ChildrenWait_wall_min, ChildrenWait_wall_max, ChildrenWait_wall_avg, ChildrenWait_wall_dev, ChildrenWait_user_min, ChildrenWait_user_max, ChildrenWait_user_avg, ChildrenWait_user_dev, ChildrenWait_system_min, ChildrenWait_system_max, ChildrenWait_system_avg, ChildrenWait_system_dev, round_wall_min, round_wall_max, round_wall_avg, round_wall_dev, round_user_min, round_user_max, round_user_avg, round_user_dev, round_system_min, round_system_max, round_system_avg, round_system_dev
2, 16, 2, 1, 2, 10, 0.704014, 0.704014, 0.704014, NaN, 0.003063, 0.003063, 0.003063, NaN, 0.000204, 0.000204, 0.000204, NaN, 0.575589, 0.610124, 0.594691, 0.010969, 0.120255, 0.165173, 0.142173, 0.012985, 0.000000, 0.016527, 0.005013, 0.006094
4, 16, 2, 2, 4, 10, 1.811090, 1.811090, 1.811090, NaN, 0.006686, 0.006686, 0.006686, NaN, 0.000916, 0.000916, 0.000916, NaN, 0.697417, 0.771211, 0.736134, 0.019315, 0.254852, 0.323320, 0.291556, 0.021982, 0.000000, 0.043520, 0.011456, 0.012399
8, 16, 2, 3, 8, 10, 2.917388, 2.917388, 2.917388, NaN, 0.003824, 0.003824, 0.003824, NaN, 0.005452, 0.005452, 0.005452, NaN, 1.004888, 1.097739, 1.065131, 0.028898, 0.574745, 0.755988, 0.654835, 0.059911, 0.003510, 0.073599, 0.027143, 0.025664
16, 16, 2, 4, 16, 10, 4.427654, 4.427654, 4.427654, NaN, 0.016545, 0.016545, 0.016545, NaN, 0.004518, 0.004518, 0.004518, NaN, 1.820417, 2.492436, 2.011968, 0.191287, 1.546979, 2.318238, 1.984072, 0.241290, 0.023963, 0.123449, 0.059647, 0.028738
32, 16, 2, 5, 32, 10, 4.627127, 4.627127, 4.627127, NaN, 0.013257, 0.013257, 0.013257, NaN, 0.006328, 0.006328, 0.006328, NaN, 3.599872, 5.580214, 4.020216, 0.586235, 10.089321, 11.290000, 10.777282, 0.362366, 0.047650, 0.287043, 0.131243, 0.070707
64, 16, 2, 6, 64, 5, 5.635158, 5.635158, 5.635158, NaN, 0.030009, 0.030009, 0.030009, NaN, 0.013107, 0.013107, 0.013107, NaN, 11.146193, 17.070865, 12.523338, 2.548472, 52.507449, 62.144793, 55.650959, 3.767386, 0.213379, 0.489238, 0.314495, 0.105857
